k_on,k_off,k_cat,width,threshold
0.00033717644699443296,0.10069598227362037,10.695715746813402,0.0017345547918218031,-0.000651516090038566
