k_on,k_off,k_cat,width,threshold
0.00035388096450195155,0.20744671824505215,15.10842990308722,0.004245782159508276,0.01155788788051313
