k_on,k_off,k_cat,width,threshold
0.007441481481481481,0.5,3.0426306717384177,0.021249930427819277,0.031548880093460595
