test,loss,RNAP_dist,fold_change,k_on,width,threshold
0,1.8625366320681183,58.205388739840274,12.442236071344643,0.0285535639215366,0.2041803422919731,0.2396157378376446
1,2.269659931745639,402.428947442061,16.819195028397996,0.0285535639215366,0.2041803422919731,0.2396157378376446
