k_on,k_off,k_cat,width,threshold
0.04074424308578628,0.2934693629321992,11.72316919503275,0.27270866388004467,0.8029740198848025
