k_min,k_max,a,b,threshold,width,cutoff
0.001,0.033,1.364568142284067198e+00,1.000663378617885790e+01,-6.702464541055265512e-02,9.324615345329726260e-03,-0.1