k_on,width,threshold,RNAP_dist,fold_change
0.0285535639215366,0.2041803422919731,0.2396157378376446,407.50385947544004,32.12452673655856
