k_on,k_off,k_cat
0.025246067885384242,0.2468051040911006,3.773682089040233
