k_on,k_off,k_cat,sigma0
0.09704134262231653,0.21378970218769172,6.340381622608332,-0.11
