model_name,final_ll,rho_squared_bar,market_share_accuracy,choice_accuracy,vot,n_parameters,n_observations,actual_shares,predicted_shares,confusion_matrix
MultinomialLogitModel_L,-69852.40260199139,0.37851628894899947,0.9999963840059206,0.6213156401844955,,8,81086,"{1: np.float64(0.17596132501294923), 2: np.float64(0.029659867301383716), 3: np.float64(0.352773598401697), 4: np.float64(0.4416052092839701)}","{1: np.float64(0.1759614788568755), 2: np.float64(0.02966054191137245), 3: np.float64(0.35276998240761753), 4: np.float64(0.4416079968241344)}","{1: {1: 10227, 2: 476, 3: 1983, 4: 4736}, '2': {1: 0, 2: 0, 3: 0, 4: 0}, 3: {1: 295, 2: 550, 3: 12519, 4: 3438}, 4: {1: 3746, 2: 1379, 3: 14103, 4: 27634}}"
NestedLogitModel_L,-73266.73997106375,0.3481598636708455,0.994827574337982,0.6048886367560368,26.388035653067977,6,81086,"{1: np.float64(0.17596132501294923), 2: np.float64(0.029659867301383716), 3: np.float64(0.352773598401697), 4: np.float64(0.4416052092839701)}","{1: np.float64(0.18113375067496718), 2: np.float64(0.028654861175902005), 3: np.float64(0.3486128771284648), 4: np.float64(0.441598511020666)}","{1: {1: 10608, 2: 554, 3: 2090, 4: 5331}, 2: {1: 1, 2: 6, 3: 16, 4: 0}, 3: {1: 928, 2: 595, 3: 13245, 4: 5288}, 4: {1: 2731, 2: 1250, 3: 13254, 4: 25189}}"
MultinomialLogitModelTotal_L,-74975.97782452204,0.33296324354007656,0.9999791218162245,0.19708704338603458,30.997256514830998,5,81086,"{1: np.float64(0.17596132501294923), 2: np.float64(0.029659867301383716), 3: np.float64(0.352773598401697), 4: np.float64(0.4416052092839701)}","{1: np.float64(0.17596855475175857), 2: np.float64(0.02967351574634988), 3: np.float64(0.3527624945660099), 4: np.float64(0.44159543493588166)}","{1: {1: 10216, 2: 506, 3: 1800, 4: 4952}, '2': {1: 0, 2: 0, 3: 0, 4: 0}, 2: {1: 0, 2: 0, 3: 1, 4: 0}, 3: {1: 1728, 2: 698, 3: 13248, 4: 5764}, 4: {1: 2324, 2: 1201, 3: 13556, 4: 25092}}"
