model_name,final_ll,rho_squared_bar,market_share_accuracy,choice_accuracy,vot,n_parameters,n_observations,actual_shares,predicted_shares,confusion_matrix
MixedLogitModel_MC,-2980.0097554261756,0.4527314423790916,0.9253365942869908,0.7476873265494912,149.66172389218337,6,4324,"{1: np.float64(0.1440795559666975), 2: np.float64(0.5117946345975948), 3: np.float64(0.0037002775208140612), 4: np.float64(0.3404255319148936)}","{1: np.float64(0.07189704192246345), 2: np.float64(0.5269949937333005), 3: np.float64(0.0012193858520388916), 4: np.float64(0.39988857849219717)}","{1: {1: 0, 2: 73, 3: 0, 4: 1}, 2: {1: 400, 2: 1876, 3: 14, 4: 114}, '3': {1: 0, 2: 0, 3: 0, 4: 0}, 4: {1: 223, 2: 264, 3: 2, 4: 1357}}"
MultinomialLogitModel_MC,-3121.2406640139934,0.42703026476663897,0.9999865814037983,0.7483811285846439,30.28254530430861,5,4324,"{1: np.float64(0.1440795559666975), 2: np.float64(0.5117946345975948), 3: np.float64(0.0037002775208140612), 4: np.float64(0.3404255319148936)}","{1: np.float64(0.1440788930537259), 2: np.float64(0.5117818789143647), 3: np.float64(0.0037094519405739225), 4: np.float64(0.34042977609133557)}","{1: {1: 0, 2: 43, 3: 0, 4: 1}, 2: {1: 407, 2: 1921, 3: 14, 4: 156}, '3': {1: 0, 2: 0, 3: 0, 4: 0}, 4: {1: 216, 2: 249, 3: 2, 4: 1315}}"
NestedLogitModel3_MC,-3121.2406175357255,0.42684699573326357,0.8038100587811947,0.49121184088806663,30.294035766464326,6,4324,"{1: np.float64(0.1440795559666975), 2: np.float64(0.5117946345975948), 3: np.float64(0.0037002775208140612), 4: np.float64(0.3404255319148936)}","{1: np.float64(0.10692849895769385), 2: np.float64(0.3527557503877932), 3: np.float64(0.14361678326177896), 4: np.float64(0.39669896739273397)}","{1: {1: 0, 2: 35, 3: 0, 4: 20}, 2: {1: 315, 2: 1216, 3: 8, 4: 132}, 3: {1: 85, 2: 159, 3: 0, 4: 412}, 4: {1: 223, 2: 803, 3: 8, 4: 908}}"
