k_on,k_off,k_cat,sigma0
0.09026986157283048,0.1056945881501591,5.69959908572713,-0.1137327801672421
