k_on,k_off,k_cat,width,threshold,sigma0
0.010917211328976035,0.5,15.058328017411696,0.008381875169020997,0.04891543947712632,-0.11
