k_on,width,threshold,RNAP_dist,fold_change,k_cat,k_off
0.0001,0.2041803422919731,0.2396157378376446,426.29093768092594,38.96644948955861,5.236516626440917,0.25919615135363877
