k_on,k_off,k_cat,width,threshold
0.00030914909013810417,0.10117033221624556,11.305840031118667,0.0061113440565777975,0.024399840574331335
