k_on,k_off,k_cat,width,threshold
0.0003614567292230255,0.12241625478941337,12.134470652033324,0.008347561303362309,0.027341859205608606
