k_cat,k_off,k_on,sigma0,threshold,width
7.853786691082237,0.28596354248642497,0.09972356892877858,-0.0853598147285477,0.770001506594473,0.35248428909957374
