k_cat,k_off,k_on,threshold,width
19.18017547453382,0.45072837118029135,0.008070871096832738,-0.03089856293862525,0.04367896500543144
