k_cat,k_off,k_on,threshold,width,sigma0
12.750650771637154,0.3882839738252169,0.014494987672635953,0.9563924532164462,0.31967270033645695,-.04
