k_on,k_off,k_cat
0.007441481481481481,0.5,18.178405644680495
