test,loss,RNAP_dist,fold_change,k_on,width,threshold
0,1.6260987761622692,139.28980484819434,34.478283602232025,0.0285535639215366,0.2041803422919731,0.2396157378376446
1,1.6175229879009356,407.50385947544004,32.12452673655856,0.0285535639215366,0.2041803422919731,0.2396157378376446
