k_on,width,threshold,RNAP_dist,fold_change
0.0285535639215366,0.2041803422919731,0.2396157378376446,260.03878524636406,39.564215910406226
