k_on,k_off,k_bridge_on,k_bridge_off,leakage
0.0102319074065774,0.0828009962852694,0.1693323195282079,0.0030080055772486,0.0844797080646062
