RNAP_dist,fold_change,k_on,width,threshold,k_off,k_cat
447.5991467596743,18.609793733464365,0.00035388096450190005,0.004245782159508201,0.011557887880513098,0.2074467182450521,15.108429903087224
