k_on,width,threshold,RNAP_dist,fold_change,k_off,k_cat
0.0003091490901381,0.0061113440565777,0.0243998405743313,156.89893182589785,13.281814377268114,0.1011703322162455,11.305840031118668
